{
  "episode_idx": 7,
  "episode_id": "14",
  "scene_id": "wcojb4TFT35",
  "target_category": "bed",
  "started_at": 1779454845.6833117,
  "steps": [
    {
      "step_idx": 0,
      "action": null,
      "reward": 0.0,
      "done": false,
      "agent_pos": [
        -1.7565499544143677,
        0.5715100169181824,
        -12.177889823913574
      ],
      "agent_yaw": 2.6518546397575653,
      "caption": "agent at (-1.8, -12.2) sees: room interior | searching for any"
    },
    {
      "step_idx": 5,
      "action": 1,
      "reward": 0.0,
      "done": false,
      "agent_pos": [
        -2.0344839096069336,
        0.3949199616909027,
        -11.656488418579102
      ],
      "agent_yaw": 2.6518546397575653,
      "caption": "agent at (-2.0, -11.7) sees: room interior | searching for any"
    },
    {
      "step_idx": 10,
      "action": 0,
      "reward": 0.0,
      "done": true,
      "agent_pos": [
        -2.03448486328125,
        0.3949200212955475,
        -11.656488418579102
      ],
      "agent_yaw": 2.6518546397575653,
      "caption": "agent at (-2.0, -11.7) sees: room interior | searching for any"
    }
  ],
  "decisions": [
    {
      "step_idx": 0,
      "raw_top1_id": 50001,
      "raw_top1_world_xy": [
        -1.0509579181671143,
        -13.50157356262207
      ],
      "raw_top1_score": 0.1,
      "chosen_id": 50001,
      "chosen_world_xy": [
        -1.0509579181671143,
        -13.50157356262207
      ],
      "chosen_source": "remembr",
      "chosen_final_score": 0.1,
      "n_planner_candidates": 1,
      "n_memory_candidates": 0,
      "candidates": [
        {
          "id": 50001,
          "world_xy": [
            -1.0509579181671143,
            -13.50157356262207
          ],
          "distance_m": 1.5,
          "bearing_rad": 0.0,
          "cluster_size": 0,
          "raw_score": 0.1,
          "source": "remembr"
        }
      ],
      "rerank_top": [
        {
          "response": "go to (-1.1, -13.5) distance 1.5m bearing +0.00rad size 0",
          "final_score": 0.1,
          "scores": {}
        }
      ],
      "retrieval_counts": {
        "fine": 0,
        "mid": 0,
        "coarse": 0
      }
    },
    {
      "step_idx": 9,
      "raw_top1_id": 90002,
      "raw_top1_world_xy": [
        -2.03448486328125,
        -11.656488418579102
      ],
      "raw_top1_score": 0.7974967956542969,
      "chosen_id": 90002,
      "chosen_world_xy": [
        -2.03448486328125,
        -11.656488418579102
      ],
      "chosen_source": "stop",
      "chosen_final_score": 0.7974967956542969,
      "n_planner_candidates": 1,
      "n_memory_candidates": 0,
      "candidates": [
        {
          "id": 90002,
          "world_xy": [
            -2.03448486328125,
            -11.656488418579102
          ],
          "distance_m": 0.0,
          "bearing_rad": 0.0,
          "cluster_size": 0,
          "raw_score": 0.7974967956542969,
          "source": "stop"
        }
      ],
      "rerank_top": [
        {
          "response": "go to (-2.0, -11.7) distance 0.0m bearing +0.00rad size 0",
          "final_score": 0.7974967956542969,
          "scores": {}
        }
      ],
      "retrieval_counts": {
        "fine": 0,
        "mid": 0,
        "coarse": 0
      }
    }
  ],
  "finished_at": 1779454846.1210403,
  "n_steps": 10,
  "success": false,
  "spl": 0.0,
  "soft_spl": 0.0,
  "distance_to_goal": 6.372211933135986,
  "rerank_calls": 2,
  "rerank_disagreements": 0,
  "retrieval_hits": 0,
  "n_memory_candidates": 0,
  "n_memory_chosen": 0,
  "n_stop_signals": 1,
  "bridge_stats_after": {
    "ltm_counts": {
      "fine": 0,
      "mid": 0,
      "coarse": 0
    },
    "n_clusters": 0,
    "episodes_seen": 8,
    "successful_episodes_seen": 0,
    "n_keyframes_observed": 23,
    "modules_invoked": {
      "stm": true,
      "consolidation": false,
      "ltm_fine": false,
      "ltm_mid": false,
      "ltm_coarse": false,
      "rerank": false
    },
    "ablation": {
      "disable_stm": false,
      "disable_ltm": true,
      "disable_rerank": true
    },
    "affordance_table_size": 0,
    "affordance_categories": []
  }
}