{
  "episode_idx": 21,
  "episode_id": "0",
  "scene_id": "TEEsavR23oF",
  "target_category": "toilet",
  "started_at": 1779454852.4951446,
  "steps": [
    {
      "step_idx": 0,
      "action": null,
      "reward": 0.0,
      "done": false,
      "agent_pos": [
        1.9502099752426147,
        0.1633799970149994,
        -5.668019771575928
      ],
      "agent_yaw": 2.763306311095138,
      "caption": "agent at (2.0, -5.7) sees: room interior | searching for any"
    },
    {
      "step_idx": 5,
      "action": 1,
      "reward": 0.0,
      "done": false,
      "agent_pos": [
        1.8527848720550537,
        0.16337794065475464,
        -5.422880172729492
      ],
      "agent_yaw": 2.763306311095138,
      "caption": "agent at (1.9, -5.4) sees: room interior | searching for any"
    }
  ],
  "decisions": [
    {
      "step_idx": 0,
      "raw_top1_id": 50001,
      "raw_top1_world_xy": [
        2.5042028427124023,
        -7.0619683265686035
      ],
      "raw_top1_score": 0.1,
      "chosen_id": 50001,
      "chosen_world_xy": [
        2.5042028427124023,
        -7.0619683265686035
      ],
      "chosen_source": "remembr",
      "chosen_final_score": 0.1,
      "n_planner_candidates": 1,
      "n_memory_candidates": 0,
      "candidates": [
        {
          "id": 50001,
          "world_xy": [
            2.5042028427124023,
            -7.0619683265686035
          ],
          "distance_m": 1.5,
          "bearing_rad": 0.0,
          "cluster_size": 0,
          "raw_score": 0.1,
          "source": "remembr"
        }
      ],
      "rerank_top": [
        {
          "response": "go to (2.5, -7.1) distance 1.5m bearing +0.00rad size 0",
          "final_score": 0.1,
          "scores": {}
        }
      ],
      "retrieval_counts": {
        "fine": 0,
        "mid": 0,
        "coarse": 0
      }
    },
    {
      "step_idx": 8,
      "raw_top1_id": 90002,
      "raw_top1_world_xy": [
        1.8527848720550537,
        -5.422880172729492
      ],
      "raw_top1_score": 0.8022176623344421,
      "chosen_id": 90002,
      "chosen_world_xy": [
        1.8527848720550537,
        -5.422880172729492
      ],
      "chosen_source": "stop",
      "chosen_final_score": 0.8022176623344421,
      "n_planner_candidates": 1,
      "n_memory_candidates": 0,
      "candidates": [
        {
          "id": 90002,
          "world_xy": [
            1.8527848720550537,
            -5.422880172729492
          ],
          "distance_m": 0.0,
          "bearing_rad": 0.0,
          "cluster_size": 0,
          "raw_score": 0.8022176623344421,
          "source": "stop"
        }
      ],
      "rerank_top": [
        {
          "response": "go to (1.9, -5.4) distance 0.0m bearing +0.00rad size 0",
          "final_score": 0.8022176623344421,
          "scores": {}
        }
      ],
      "retrieval_counts": {
        "fine": 0,
        "mid": 0,
        "coarse": 0
      }
    }
  ],
  "finished_at": 1779454852.8296988,
  "n_steps": 9,
  "success": false,
  "spl": 0.0,
  "soft_spl": 0.004793045643523786,
  "distance_to_goal": 26.119993209838867,
  "rerank_calls": 2,
  "rerank_disagreements": 0,
  "retrieval_hits": 0,
  "n_memory_candidates": 0,
  "n_memory_chosen": 0,
  "n_stop_signals": 1,
  "bridge_stats_after": {
    "ltm_counts": {
      "fine": 0,
      "mid": 0,
      "coarse": 0
    },
    "n_clusters": 0,
    "episodes_seen": 22,
    "successful_episodes_seen": 0,
    "n_keyframes_observed": 58,
    "modules_invoked": {
      "stm": true,
      "consolidation": false,
      "ltm_fine": false,
      "ltm_mid": false,
      "ltm_coarse": false,
      "rerank": false
    },
    "ablation": {
      "disable_stm": false,
      "disable_ltm": true,
      "disable_rerank": true
    },
    "affordance_table_size": 0,
    "affordance_categories": []
  }
}