{
  "episode_idx": 17,
  "episode_id": "9",
  "scene_id": "TEEsavR23oF",
  "target_category": "chair",
  "started_at": 1779454850.717858,
  "steps": [
    {
      "step_idx": 0,
      "action": null,
      "reward": 0.0,
      "done": false,
      "agent_pos": [
        -4.511119842529297,
        3.1633799076080322,
        -5.061860084533691
      ],
      "agent_yaw": 0.06058919620602633,
      "caption": "agent at (-4.5, -5.1) sees: room interior | searching for any"
    },
    {
      "step_idx": 5,
      "action": 1,
      "reward": 0.0,
      "done": false,
      "agent_pos": [
        -4.58681058883667,
        3.1633780002593994,
        -6.309566497802734
      ],
      "agent_yaw": 0.06058919620602633,
      "caption": "agent at (-4.6, -6.3) sees: room interior | searching for any"
    },
    {
      "step_idx": 10,
      "action": 0,
      "reward": 0.0,
      "done": true,
      "agent_pos": [
        -4.602784156799316,
        3.1633780002593994,
        -6.572880268096924
      ],
      "agent_yaw": 0.06058919620602633,
      "caption": "agent at (-4.6, -6.6) sees: room interior | searching for any"
    }
  ],
  "decisions": [
    {
      "step_idx": 0,
      "raw_top1_id": 50001,
      "raw_top1_world_xy": [
        -4.420291423797607,
        -3.564612627029419
      ],
      "raw_top1_score": 0.1,
      "chosen_id": 50001,
      "chosen_world_xy": [
        -4.420291423797607,
        -3.564612627029419
      ],
      "chosen_source": "remembr",
      "chosen_final_score": 0.1,
      "n_planner_candidates": 1,
      "n_memory_candidates": 0,
      "candidates": [
        {
          "id": 50001,
          "world_xy": [
            -4.420291423797607,
            -3.564612627029419
          ],
          "distance_m": 1.5,
          "bearing_rad": 0.0,
          "cluster_size": 0,
          "raw_score": 0.1,
          "source": "remembr"
        }
      ],
      "rerank_top": [
        {
          "response": "go to (-4.4, -3.6) distance 1.5m bearing +0.00rad size 0",
          "final_score": 0.1,
          "scores": {}
        }
      ],
      "retrieval_counts": {
        "fine": 0,
        "mid": 0,
        "coarse": 0
      }
    },
    {
      "step_idx": 9,
      "raw_top1_id": 90002,
      "raw_top1_world_xy": [
        -4.602784156799316,
        -6.572880268096924
      ],
      "raw_top1_score": 0.7567983269691467,
      "chosen_id": 90002,
      "chosen_world_xy": [
        -4.602784156799316,
        -6.572880268096924
      ],
      "chosen_source": "stop",
      "chosen_final_score": 0.7567983269691467,
      "n_planner_candidates": 1,
      "n_memory_candidates": 0,
      "candidates": [
        {
          "id": 90002,
          "world_xy": [
            -4.602784156799316,
            -6.572880268096924
          ],
          "distance_m": 0.0,
          "bearing_rad": 0.0,
          "cluster_size": 0,
          "raw_score": 0.7567983269691467,
          "source": "stop"
        }
      ],
      "rerank_top": [
        {
          "response": "go to (-4.6, -6.6) distance 0.0m bearing +0.00rad size 0",
          "final_score": 0.7567983269691467,
          "scores": {}
        }
      ],
      "retrieval_counts": {
        "fine": 0,
        "mid": 0,
        "coarse": 0
      }
    }
  ],
  "finished_at": 1779454851.1443756,
  "n_steps": 10,
  "success": false,
  "spl": 0.0,
  "soft_spl": 0.0,
  "distance_to_goal": 4.561776638031006,
  "rerank_calls": 2,
  "rerank_disagreements": 0,
  "retrieval_hits": 0,
  "n_memory_candidates": 0,
  "n_memory_chosen": 0,
  "n_stop_signals": 1,
  "bridge_stats_after": {
    "ltm_counts": {
      "fine": 0,
      "mid": 0,
      "coarse": 0
    },
    "n_clusters": 0,
    "episodes_seen": 18,
    "successful_episodes_seen": 0,
    "n_keyframes_observed": 48,
    "modules_invoked": {
      "stm": true,
      "consolidation": false,
      "ltm_fine": false,
      "ltm_mid": false,
      "ltm_coarse": false,
      "rerank": false
    },
    "ablation": {
      "disable_stm": false,
      "disable_ltm": true,
      "disable_rerank": true
    },
    "affordance_table_size": 0,
    "affordance_categories": []
  }
}