{
  "episode_idx": 12,
  "episode_id": "7",
  "scene_id": "wcojb4TFT35",
  "target_category": "bed",
  "started_at": 1779454847.7586157,
  "steps": [
    {
      "step_idx": 0,
      "action": null,
      "reward": 0.0,
      "done": false,
      "agent_pos": [
        1.7093900442123413,
        2.5949199199676514,
        -14.279560089111328
      ],
      "agent_yaw": 0.4892670076722865,
      "caption": "agent at (1.7, -14.3) sees: room interior | searching for any"
    },
    {
      "step_idx": 5,
      "action": 1,
      "reward": 0.0,
      "done": false,
      "agent_pos": [
        1.6380581855773926,
        2.5949201583862305,
        -14.413530349731445
      ],
      "agent_yaw": 0.4892670076722865,
      "caption": "agent at (1.6, -14.4) sees: room interior | searching for any"
    }
  ],
  "decisions": [
    {
      "step_idx": 0,
      "raw_top1_id": 50001,
      "raw_top1_world_xy": [
        2.414358615875244,
        -12.955543518066406
      ],
      "raw_top1_score": 0.1,
      "chosen_id": 50001,
      "chosen_world_xy": [
        2.414358615875244,
        -12.955543518066406
      ],
      "chosen_source": "remembr",
      "chosen_final_score": 0.1,
      "n_planner_candidates": 1,
      "n_memory_candidates": 0,
      "candidates": [
        {
          "id": 50001,
          "world_xy": [
            2.414358615875244,
            -12.955543518066406
          ],
          "distance_m": 1.5,
          "bearing_rad": 0.0,
          "cluster_size": 0,
          "raw_score": 0.1,
          "source": "remembr"
        }
      ],
      "rerank_top": [
        {
          "response": "go to (2.4, -13.0) distance 1.5m bearing +0.00rad size 0",
          "final_score": 0.1,
          "scores": {}
        }
      ],
      "retrieval_counts": {
        "fine": 0,
        "mid": 0,
        "coarse": 0
      }
    },
    {
      "step_idx": 8,
      "raw_top1_id": 90002,
      "raw_top1_world_xy": [
        1.6380581855773926,
        -14.413530349731445
      ],
      "raw_top1_score": 0.7974967956542969,
      "chosen_id": 90002,
      "chosen_world_xy": [
        1.6380581855773926,
        -14.413530349731445
      ],
      "chosen_source": "stop",
      "chosen_final_score": 0.7974967956542969,
      "n_planner_candidates": 1,
      "n_memory_candidates": 0,
      "candidates": [
        {
          "id": 90002,
          "world_xy": [
            1.6380581855773926,
            -14.413530349731445
          ],
          "distance_m": 0.0,
          "bearing_rad": 0.0,
          "cluster_size": 0,
          "raw_score": 0.7974967956542969,
          "source": "stop"
        }
      ],
      "rerank_top": [
        {
          "response": "go to (1.6, -14.4) distance 0.0m bearing +0.00rad size 0",
          "final_score": 0.7974967956542969,
          "scores": {}
        }
      ],
      "retrieval_counts": {
        "fine": 0,
        "mid": 0,
        "coarse": 0
      }
    }
  ],
  "finished_at": 1779454848.097816,
  "n_steps": 9,
  "success": false,
  "spl": 0.0,
  "soft_spl": 0.04013801964279995,
  "distance_to_goal": 3.3083529472351074,
  "rerank_calls": 2,
  "rerank_disagreements": 0,
  "retrieval_hits": 0,
  "n_memory_candidates": 0,
  "n_memory_chosen": 0,
  "n_stop_signals": 1,
  "bridge_stats_after": {
    "ltm_counts": {
      "fine": 0,
      "mid": 0,
      "coarse": 0
    },
    "n_clusters": 0,
    "episodes_seen": 13,
    "successful_episodes_seen": 0,
    "n_keyframes_observed": 35,
    "modules_invoked": {
      "stm": true,
      "consolidation": false,
      "ltm_fine": false,
      "ltm_mid": false,
      "ltm_coarse": false,
      "rerank": false
    },
    "ablation": {
      "disable_stm": false,
      "disable_ltm": true,
      "disable_rerank": true
    },
    "affordance_table_size": 0,
    "affordance_categories": []
  }
}