{
  "episode_idx": 14,
  "episode_id": "13",
  "scene_id": "wcojb4TFT35",
  "target_category": "chair",
  "started_at": 1779454848.4711854,
  "steps": [
    {
      "step_idx": 0,
      "action": null,
      "reward": 0.0,
      "done": false,
      "agent_pos": [
        -2.4745099544525146,
        2.5949199199676514,
        -13.613590240478516
      ],
      "agent_yaw": 0.37448391202913933,
      "caption": "agent at (-2.5, -13.6) sees: room interior | searching for any"
    },
    {
      "step_idx": 5,
      "action": 1,
      "reward": 0.0,
      "done": false,
      "agent_pos": [
        -2.8249619007110596,
        2.5949201583862305,
        -14.505253791809082
      ],
      "agent_yaw": 0.37448391202913933,
      "caption": "agent at (-2.8, -14.5) sees: room interior | searching for any"
    },
    {
      "step_idx": 10,
      "action": 0,
      "reward": 0.0,
      "done": true,
      "agent_pos": [
        -2.8249619007110596,
        2.5949201583862305,
        -14.505253791809082
      ],
      "agent_yaw": 0.37448391202913933,
      "caption": "agent at (-2.8, -14.5) sees: room interior | searching for any"
    }
  ],
  "decisions": [
    {
      "step_idx": 0,
      "raw_top1_id": 50001,
      "raw_top1_world_xy": [
        -1.9258215427398682,
        -12.217545509338379
      ],
      "raw_top1_score": 0.1,
      "chosen_id": 50001,
      "chosen_world_xy": [
        -1.9258215427398682,
        -12.217545509338379
      ],
      "chosen_source": "remembr",
      "chosen_final_score": 0.1,
      "n_planner_candidates": 1,
      "n_memory_candidates": 0,
      "candidates": [
        {
          "id": 50001,
          "world_xy": [
            -1.9258215427398682,
            -12.217545509338379
          ],
          "distance_m": 1.5,
          "bearing_rad": 0.0,
          "cluster_size": 0,
          "raw_score": 0.1,
          "source": "remembr"
        }
      ],
      "rerank_top": [
        {
          "response": "go to (-1.9, -12.2) distance 1.5m bearing +0.00rad size 0",
          "final_score": 0.1,
          "scores": {}
        }
      ],
      "retrieval_counts": {
        "fine": 0,
        "mid": 0,
        "coarse": 0
      }
    },
    {
      "step_idx": 9,
      "raw_top1_id": 90002,
      "raw_top1_world_xy": [
        -2.8249619007110596,
        -14.505253791809082
      ],
      "raw_top1_score": 0.7685885429382324,
      "chosen_id": 90002,
      "chosen_world_xy": [
        -2.8249619007110596,
        -14.505253791809082
      ],
      "chosen_source": "stop",
      "chosen_final_score": 0.7685885429382324,
      "n_planner_candidates": 1,
      "n_memory_candidates": 0,
      "candidates": [
        {
          "id": 90002,
          "world_xy": [
            -2.8249619007110596,
            -14.505253791809082
          ],
          "distance_m": 0.0,
          "bearing_rad": 0.0,
          "cluster_size": 0,
          "raw_score": 0.7685885429382324,
          "source": "stop"
        }
      ],
      "rerank_top": [
        {
          "response": "go to (-2.8, -14.5) distance 0.0m bearing +0.00rad size 0",
          "final_score": 0.7685885429382324,
          "scores": {}
        }
      ],
      "retrieval_counts": {
        "fine": 0,
        "mid": 0,
        "coarse": 0
      }
    }
  ],
  "finished_at": 1779454848.8932679,
  "n_steps": 10,
  "success": false,
  "spl": 0.0,
  "soft_spl": 0.0,
  "distance_to_goal": 7.4942240715026855,
  "rerank_calls": 2,
  "rerank_disagreements": 0,
  "retrieval_hits": 0,
  "n_memory_candidates": 0,
  "n_memory_chosen": 0,
  "n_stop_signals": 1,
  "bridge_stats_after": {
    "ltm_counts": {
      "fine": 0,
      "mid": 0,
      "coarse": 0
    },
    "n_clusters": 0,
    "episodes_seen": 15,
    "successful_episodes_seen": 0,
    "n_keyframes_observed": 40,
    "modules_invoked": {
      "stm": true,
      "consolidation": false,
      "ltm_fine": false,
      "ltm_mid": false,
      "ltm_coarse": false,
      "rerank": false
    },
    "ablation": {
      "disable_stm": false,
      "disable_ltm": true,
      "disable_rerank": true
    },
    "affordance_table_size": 0,
    "affordance_categories": []
  }
}