{
  "episode_idx": 27,
  "episode_id": "5",
  "scene_id": "TEEsavR23oF",
  "target_category": "toilet",
  "started_at": 1779454854.8086948,
  "steps": [
    {
      "step_idx": 0,
      "action": null,
      "reward": 0.0,
      "done": false,
      "agent_pos": [
        -6.257589817047119,
        3.1633799076080322,
        -4.524529933929443
      ],
      "agent_yaw": 2.4269165105870902,
      "caption": "agent at (-6.3, -4.5) sees: room interior | searching for any"
    },
    {
      "step_idx": 5,
      "action": 1,
      "reward": 0.0,
      "done": false,
      "agent_pos": [
        -6.860827922821045,
        3.1633780002593994,
        -3.8293089866638184
      ],
      "agent_yaw": 2.4269165105870902,
      "caption": "agent at (-6.9, -3.8) sees: room interior | searching for any"
    },
    {
      "step_idx": 10,
      "action": 0,
      "reward": 0.0,
      "done": true,
      "agent_pos": [
        -6.860827922821045,
        3.1633780002593994,
        -3.8293089866638184
      ],
      "agent_yaw": 2.4269165105870902,
      "caption": "agent at (-6.9, -3.8) sees: room interior | searching for any"
    }
  ],
  "decisions": [
    {
      "step_idx": 0,
      "raw_top1_id": 50001,
      "raw_top1_world_xy": [
        -5.274530410766602,
        -5.6574883460998535
      ],
      "raw_top1_score": 0.1,
      "chosen_id": 50001,
      "chosen_world_xy": [
        -5.274530410766602,
        -5.6574883460998535
      ],
      "chosen_source": "remembr",
      "chosen_final_score": 0.1,
      "n_planner_candidates": 1,
      "n_memory_candidates": 0,
      "candidates": [
        {
          "id": 50001,
          "world_xy": [
            -5.274530410766602,
            -5.6574883460998535
          ],
          "distance_m": 1.5,
          "bearing_rad": 0.0,
          "cluster_size": 0,
          "raw_score": 0.1,
          "source": "remembr"
        }
      ],
      "rerank_top": [
        {
          "response": "go to (-5.3, -5.7) distance 1.5m bearing +0.00rad size 0",
          "final_score": 0.1,
          "scores": {}
        }
      ],
      "retrieval_counts": {
        "fine": 0,
        "mid": 0,
        "coarse": 0
      }
    },
    {
      "step_idx": 9,
      "raw_top1_id": 90002,
      "raw_top1_world_xy": [
        -6.860827922821045,
        -3.8293089866638184
      ],
      "raw_top1_score": 0.8022176623344421,
      "chosen_id": 90002,
      "chosen_world_xy": [
        -6.860827922821045,
        -3.8293089866638184
      ],
      "chosen_source": "stop",
      "chosen_final_score": 0.8022176623344421,
      "n_planner_candidates": 1,
      "n_memory_candidates": 0,
      "candidates": [
        {
          "id": 90002,
          "world_xy": [
            -6.860827922821045,
            -3.8293089866638184
          ],
          "distance_m": 0.0,
          "bearing_rad": 0.0,
          "cluster_size": 0,
          "raw_score": 0.8022176623344421,
          "source": "stop"
        }
      ],
      "rerank_top": [
        {
          "response": "go to (-6.9, -3.8) distance 0.0m bearing +0.00rad size 0",
          "final_score": 0.8022176623344421,
          "scores": {}
        }
      ],
      "retrieval_counts": {
        "fine": 0,
        "mid": 0,
        "coarse": 0
      }
    }
  ],
  "finished_at": 1779454855.2265608,
  "n_steps": 10,
  "success": false,
  "spl": 0.0,
  "soft_spl": 0.0,
  "distance_to_goal": 5.173573970794678,
  "rerank_calls": 2,
  "rerank_disagreements": 0,
  "retrieval_hits": 0,
  "n_memory_candidates": 0,
  "n_memory_chosen": 0,
  "n_stop_signals": 1,
  "bridge_stats_after": {
    "ltm_counts": {
      "fine": 0,
      "mid": 0,
      "coarse": 0
    },
    "n_clusters": 0,
    "episodes_seen": 28,
    "successful_episodes_seen": 0,
    "n_keyframes_observed": 73,
    "modules_invoked": {
      "stm": true,
      "consolidation": false,
      "ltm_fine": false,
      "ltm_mid": false,
      "ltm_coarse": false,
      "rerank": false
    },
    "ablation": {
      "disable_stm": false,
      "disable_ltm": true,
      "disable_rerank": true
    },
    "affordance_table_size": 0,
    "affordance_categories": []
  }
}