{
  "episode_idx": 28,
  "episode_id": "14",
  "scene_id": "TEEsavR23oF",
  "target_category": "bed",
  "started_at": 1779454855.2394128,
  "steps": [
    {
      "step_idx": 0,
      "action": null,
      "reward": 0.0,
      "done": false,
      "agent_pos": [
        -5.914740085601807,
        3.1633799076080322,
        -3.2522599697113037
      ],
      "agent_yaw": -0.3433855150484726,
      "caption": "agent at (-5.9, -3.3) sees: room interior | searching for any"
    },
    {
      "step_idx": 5,
      "action": 1,
      "reward": 0.0,
      "done": false,
      "agent_pos": [
        -5.875361442565918,
        3.1633780002593994,
        -3.362395763397217
      ],
      "agent_yaw": -0.3433855150484726,
      "caption": "agent at (-5.9, -3.4) sees: room interior | searching for any"
    }
  ],
  "decisions": [
    {
      "step_idx": 0,
      "raw_top1_id": 50001,
      "raw_top1_world_xy": [
        -6.419755458831787,
        -1.8398295640945435
      ],
      "raw_top1_score": 0.1,
      "chosen_id": 50001,
      "chosen_world_xy": [
        -6.419755458831787,
        -1.8398295640945435
      ],
      "chosen_source": "remembr",
      "chosen_final_score": 0.1,
      "n_planner_candidates": 1,
      "n_memory_candidates": 0,
      "candidates": [
        {
          "id": 50001,
          "world_xy": [
            -6.419755458831787,
            -1.8398295640945435
          ],
          "distance_m": 1.5,
          "bearing_rad": 0.0,
          "cluster_size": 0,
          "raw_score": 0.1,
          "source": "remembr"
        }
      ],
      "rerank_top": [
        {
          "response": "go to (-6.4, -1.8) distance 1.5m bearing +0.00rad size 0",
          "final_score": 0.1,
          "scores": {}
        }
      ],
      "retrieval_counts": {
        "fine": 0,
        "mid": 0,
        "coarse": 0
      }
    },
    {
      "step_idx": 8,
      "raw_top1_id": 90002,
      "raw_top1_world_xy": [
        -5.875361442565918,
        -3.362395763397217
      ],
      "raw_top1_score": 0.7974967956542969,
      "chosen_id": 90002,
      "chosen_world_xy": [
        -5.875361442565918,
        -3.362395763397217
      ],
      "chosen_source": "stop",
      "chosen_final_score": 0.7974967956542969,
      "n_planner_candidates": 1,
      "n_memory_candidates": 0,
      "candidates": [
        {
          "id": 90002,
          "world_xy": [
            -5.875361442565918,
            -3.362395763397217
          ],
          "distance_m": 0.0,
          "bearing_rad": 0.0,
          "cluster_size": 0,
          "raw_score": 0.7974967956542969,
          "source": "stop"
        }
      ],
      "rerank_top": [
        {
          "response": "go to (-5.9, -3.4) distance 0.0m bearing +0.00rad size 0",
          "final_score": 0.7974967956542969,
          "scores": {}
        }
      ],
      "retrieval_counts": {
        "fine": 0,
        "mid": 0,
        "coarse": 0
      }
    }
  ],
  "finished_at": 1779454855.5808575,
  "n_steps": 9,
  "success": false,
  "spl": 0.0,
  "soft_spl": 0.017602275351079832,
  "distance_to_goal": 5.905886173248291,
  "rerank_calls": 2,
  "rerank_disagreements": 0,
  "retrieval_hits": 0,
  "n_memory_candidates": 0,
  "n_memory_chosen": 0,
  "n_stop_signals": 1,
  "bridge_stats_after": {
    "ltm_counts": {
      "fine": 0,
      "mid": 0,
      "coarse": 0
    },
    "n_clusters": 0,
    "episodes_seen": 29,
    "successful_episodes_seen": 0,
    "n_keyframes_observed": 75,
    "modules_invoked": {
      "stm": true,
      "consolidation": false,
      "ltm_fine": false,
      "ltm_mid": false,
      "ltm_coarse": false,
      "rerank": false
    },
    "ablation": {
      "disable_stm": false,
      "disable_ltm": true,
      "disable_rerank": true
    },
    "affordance_table_size": 0,
    "affordance_categories": []
  }
}