{
  "episode_idx": 22,
  "episode_id": "2",
  "scene_id": "TEEsavR23oF",
  "target_category": "plant",
  "started_at": 1779454852.8364313,
  "steps": [
    {
      "step_idx": 0,
      "action": null,
      "reward": 0.0,
      "done": false,
      "agent_pos": [
        -9.192939758300781,
        0.1633799970149994,
        -0.8577100038528442
      ],
      "agent_yaw": 0.4486343875632385,
      "caption": "agent at (-9.2, -0.9) sees: room interior | searching for any"
    },
    {
      "step_idx": 5,
      "action": 1,
      "reward": 0.0,
      "done": false,
      "agent_pos": [
        -9.735108375549316,
        0.16337794065475464,
        -1.9840112924575806
      ],
      "agent_yaw": 0.4486343875632385,
      "caption": "agent at (-9.7, -2.0) sees: room interior | searching for any"
    },
    {
      "step_idx": 10,
      "action": 0,
      "reward": 0.0,
      "done": true,
      "agent_pos": [
        -10.000194549560547,
        0.16337794065475464,
        -2.534700870513916
      ],
      "agent_yaw": 0.4486343875632385,
      "caption": "agent at (-10.0, -2.5) sees: room interior | searching for any"
    }
  ],
  "decisions": [
    {
      "step_idx": 0,
      "raw_top1_id": 50001,
      "raw_top1_world_xy": [
        -8.542336463928223,
        0.49385038018226624
      ],
      "raw_top1_score": 0.1,
      "chosen_id": 50001,
      "chosen_world_xy": [
        -8.542336463928223,
        0.49385038018226624
      ],
      "chosen_source": "remembr",
      "chosen_final_score": 0.1,
      "n_planner_candidates": 1,
      "n_memory_candidates": 0,
      "candidates": [
        {
          "id": 50001,
          "world_xy": [
            -8.542336463928223,
            0.49385038018226624
          ],
          "distance_m": 1.5,
          "bearing_rad": 0.0,
          "cluster_size": 0,
          "raw_score": 0.1,
          "source": "remembr"
        }
      ],
      "rerank_top": [
        {
          "response": "go to (-8.5, 0.5) distance 1.5m bearing +0.00rad size 0",
          "final_score": 0.1,
          "scores": {}
        }
      ],
      "retrieval_counts": {
        "fine": 0,
        "mid": 0,
        "coarse": 0
      }
    },
    {
      "step_idx": 9,
      "raw_top1_id": 90002,
      "raw_top1_world_xy": [
        -10.000194549560547,
        -2.534700870513916
      ],
      "raw_top1_score": 0.7902819514274597,
      "chosen_id": 90002,
      "chosen_world_xy": [
        -10.000194549560547,
        -2.534700870513916
      ],
      "chosen_source": "stop",
      "chosen_final_score": 0.7902819514274597,
      "n_planner_candidates": 1,
      "n_memory_candidates": 0,
      "candidates": [
        {
          "id": 90002,
          "world_xy": [
            -10.000194549560547,
            -2.534700870513916
          ],
          "distance_m": 0.0,
          "bearing_rad": 0.0,
          "cluster_size": 0,
          "raw_score": 0.7902819514274597,
          "source": "stop"
        }
      ],
      "rerank_top": [
        {
          "response": "go to (-10.0, -2.5) distance 0.0m bearing +0.00rad size 0",
          "final_score": 0.7902819514274597,
          "scores": {}
        }
      ],
      "retrieval_counts": {
        "fine": 0,
        "mid": 0,
        "coarse": 0
      }
    }
  ],
  "finished_at": 1779454853.2625296,
  "n_steps": 10,
  "success": false,
  "spl": 0.0,
  "soft_spl": 0.11773126832700498,
  "distance_to_goal": 12.159324645996094,
  "rerank_calls": 2,
  "rerank_disagreements": 0,
  "retrieval_hits": 0,
  "n_memory_candidates": 0,
  "n_memory_chosen": 0,
  "n_stop_signals": 1,
  "bridge_stats_after": {
    "ltm_counts": {
      "fine": 0,
      "mid": 0,
      "coarse": 0
    },
    "n_clusters": 0,
    "episodes_seen": 23,
    "successful_episodes_seen": 0,
    "n_keyframes_observed": 61,
    "modules_invoked": {
      "stm": true,
      "consolidation": false,
      "ltm_fine": false,
      "ltm_mid": false,
      "ltm_coarse": false,
      "rerank": false
    },
    "ablation": {
      "disable_stm": false,
      "disable_ltm": true,
      "disable_rerank": true
    },
    "affordance_table_size": 0,
    "affordance_categories": []
  }
}