{
  "episode_idx": 3,
  "episode_id": "11",
  "scene_id": "wcojb4TFT35",
  "target_category": "bed",
  "started_at": 1779454843.8707952,
  "steps": [
    {
      "step_idx": 0,
      "action": null,
      "reward": 0.0,
      "done": false,
      "agent_pos": [
        0.3561300039291382,
        2.187000036239624,
        -12.352049827575684
      ],
      "agent_yaw": -2.53811442770703,
      "caption": "agent at (0.4, -12.4) sees: room interior | searching for any"
    },
    {
      "step_idx": 5,
      "action": 1,
      "reward": 0.0,
      "done": false,
      "agent_pos": [
        0.5712627172470093,
        2.3853225708007812,
        -12.039926528930664
      ],
      "agent_yaw": -2.53811442770703,
      "caption": "agent at (0.6, -12.0) sees: room interior | searching for any"
    },
    {
      "step_idx": 10,
      "action": 0,
      "reward": 0.0,
      "done": true,
      "agent_pos": [
        0.5712627172470093,
        2.3853225708007812,
        -12.039926528930664
      ],
      "agent_yaw": -2.53811442770703,
      "caption": "agent at (0.6, -12.0) sees: room interior | searching for any"
    }
  ],
  "decisions": [
    {
      "step_idx": 0,
      "raw_top1_id": 50001,
      "raw_top1_world_xy": [
        -0.4951346218585968,
        -13.5871000289917
      ],
      "raw_top1_score": 0.1,
      "chosen_id": 50001,
      "chosen_world_xy": [
        -0.4951346218585968,
        -13.5871000289917
      ],
      "chosen_source": "remembr",
      "chosen_final_score": 0.1,
      "n_planner_candidates": 1,
      "n_memory_candidates": 0,
      "candidates": [
        {
          "id": 50001,
          "world_xy": [
            -0.4951346218585968,
            -13.5871000289917
          ],
          "distance_m": 1.5,
          "bearing_rad": 0.0,
          "cluster_size": 0,
          "raw_score": 0.1,
          "source": "remembr"
        }
      ],
      "rerank_top": [
        {
          "response": "go to (-0.5, -13.6) distance 1.5m bearing +0.00rad size 0",
          "final_score": 0.1,
          "scores": {}
        }
      ],
      "retrieval_counts": {
        "fine": 0,
        "mid": 0,
        "coarse": 0
      }
    },
    {
      "step_idx": 9,
      "raw_top1_id": 90002,
      "raw_top1_world_xy": [
        0.5712627172470093,
        -12.039926528930664
      ],
      "raw_top1_score": 0.7974967956542969,
      "chosen_id": 90002,
      "chosen_world_xy": [
        0.5712627172470093,
        -12.039926528930664
      ],
      "chosen_source": "stop",
      "chosen_final_score": 0.7974967956542969,
      "n_planner_candidates": 1,
      "n_memory_candidates": 0,
      "candidates": [
        {
          "id": 90002,
          "world_xy": [
            0.5712627172470093,
            -12.039926528930664
          ],
          "distance_m": 0.0,
          "bearing_rad": 0.0,
          "cluster_size": 0,
          "raw_score": 0.7974967956542969,
          "source": "stop"
        }
      ],
      "rerank_top": [
        {
          "response": "go to (0.6, -12.0) distance 0.0m bearing +0.00rad size 0",
          "final_score": 0.7974967956542969,
          "scores": {}
        }
      ],
      "retrieval_counts": {
        "fine": 0,
        "mid": 0,
        "coarse": 0
      }
    }
  ],
  "finished_at": 1779454844.3079524,
  "n_steps": 10,
  "success": false,
  "spl": 0.0,
  "soft_spl": 0.1297457026840706,
  "distance_to_goal": 2.6292672157287598,
  "rerank_calls": 2,
  "rerank_disagreements": 0,
  "retrieval_hits": 0,
  "n_memory_candidates": 0,
  "n_memory_chosen": 0,
  "n_stop_signals": 1,
  "bridge_stats_after": {
    "ltm_counts": {
      "fine": 0,
      "mid": 0,
      "coarse": 0
    },
    "n_clusters": 0,
    "episodes_seen": 4,
    "successful_episodes_seen": 0,
    "n_keyframes_observed": 11,
    "modules_invoked": {
      "stm": true,
      "consolidation": false,
      "ltm_fine": false,
      "ltm_mid": false,
      "ltm_coarse": false,
      "rerank": false
    },
    "ablation": {
      "disable_stm": false,
      "disable_ltm": true,
      "disable_rerank": true
    },
    "affordance_table_size": 0,
    "affordance_categories": []
  }
}