{
  "episode_idx": 2,
  "episode_id": "0",
  "scene_id": "wcojb4TFT35",
  "target_category": "tv_monitor",
  "started_at": 1779454810.266095,
  "steps": [
    {
      "step_idx": 0,
      "action": null,
      "reward": 0.0,
      "done": false,
      "agent_pos": [
        -0.5478799939155579,
        -0.005080000031739473,
        -7.373499870300293
      ],
      "agent_yaw": 1.5864230132243455,
      "caption": "agent at (-0.5, -7.4) sees: room interior | searching for any"
    },
    {
      "step_idx": 5,
      "action": 1,
      "reward": 0.0,
      "done": false,
      "agent_pos": [
        -1.7977267503738403,
        -0.005079984664916992,
        -7.353966236114502
      ],
      "agent_yaw": 1.5864230132243455,
      "caption": "agent at (-1.8, -7.4) sees: room interior | searching for any"
    },
    {
      "step_idx": 10,
      "action": 0,
      "reward": 0.0,
      "done": true,
      "agent_pos": [
        -2.388942241668701,
        -0.005079984664916992,
        -7.344726085662842
      ],
      "agent_yaw": 1.5864230132243455,
      "caption": "agent at (-2.4, -7.3) sees: room interior | searching for any"
    }
  ],
  "decisions": [
    {
      "step_idx": 0,
      "raw_top1_id": 50001,
      "raw_top1_world_xy": [
        0.9519368410110474,
        -7.396938800811768
      ],
      "raw_top1_score": 0.1,
      "chosen_id": 50001,
      "chosen_world_xy": [
        0.9519368410110474,
        -7.396938800811768
      ],
      "chosen_source": "remembr",
      "chosen_final_score": 0.1,
      "n_planner_candidates": 1,
      "n_memory_candidates": 0,
      "candidates": [
        {
          "id": 50001,
          "world_xy": [
            0.9519368410110474,
            -7.396938800811768
          ],
          "distance_m": 1.5,
          "bearing_rad": 0.0,
          "cluster_size": 0,
          "raw_score": 0.1,
          "source": "remembr"
        }
      ],
      "rerank_top": [
        {
          "response": "go to (1.0, -7.4) distance 1.5m bearing +0.00rad size 0",
          "final_score": 0.1,
          "scores": {}
        }
      ],
      "retrieval_counts": {
        "fine": 0,
        "mid": 0,
        "coarse": 0
      }
    },
    {
      "step_idx": 9,
      "raw_top1_id": 90002,
      "raw_top1_world_xy": [
        -2.388942241668701,
        -7.344726085662842
      ],
      "raw_top1_score": 0.7816957831382751,
      "chosen_id": 90002,
      "chosen_world_xy": [
        -2.388942241668701,
        -7.344726085662842
      ],
      "chosen_source": "stop",
      "chosen_final_score": 0.7816957831382751,
      "n_planner_candidates": 1,
      "n_memory_candidates": 0,
      "candidates": [
        {
          "id": 90002,
          "world_xy": [
            -2.388942241668701,
            -7.344726085662842
          ],
          "distance_m": 0.0,
          "bearing_rad": 0.0,
          "cluster_size": 0,
          "raw_score": 0.7816957831382751,
          "source": "stop"
        }
      ],
      "rerank_top": [
        {
          "response": "go to (-2.4, -7.3) distance 0.0m bearing +0.00rad size 0",
          "final_score": 0.7816957831382751,
          "scores": {}
        }
      ],
      "retrieval_counts": {
        "fine": 0,
        "mid": 0,
        "coarse": 0
      }
    }
  ],
  "finished_at": 1779454810.7093282,
  "n_steps": 10,
  "success": false,
  "spl": 0.0,
  "soft_spl": 0.0,
  "distance_to_goal": 8.566378593444824,
  "rerank_calls": 2,
  "rerank_disagreements": 0,
  "retrieval_hits": 0,
  "n_memory_candidates": 0,
  "n_memory_chosen": 0,
  "n_stop_signals": 1,
  "bridge_stats_after": {
    "ltm_counts": {
      "fine": 0,
      "mid": 0,
      "coarse": 0
    },
    "n_clusters": 0,
    "episodes_seen": 3,
    "successful_episodes_seen": 0,
    "n_keyframes_observed": 0,
    "modules_invoked": {
      "stm": false,
      "consolidation": false,
      "ltm_fine": false,
      "ltm_mid": false,
      "ltm_coarse": false,
      "rerank": false
    },
    "ablation": {
      "disable_stm": true,
      "disable_ltm": true,
      "disable_rerank": true
    },
    "affordance_table_size": 0,
    "affordance_categories": []
  }
}