{
  "episode_idx": 13,
  "episode_id": "9",
  "scene_id": "wcojb4TFT35",
  "target_category": "toilet",
  "started_at": 1779454814.9556296,
  "steps": [
    {
      "step_idx": 0,
      "action": null,
      "reward": 0.0,
      "done": false,
      "agent_pos": [
        1.414739966392517,
        -0.005080000031739473,
        -6.841869831085205
      ],
      "agent_yaw": -0.17938031505876467,
      "caption": "agent at (1.4, -6.8) sees: room interior | searching for any"
    },
    {
      "step_idx": 5,
      "action": 1,
      "reward": 0.0,
      "done": false,
      "agent_pos": [
        1.4429001808166504,
        -0.005079984664916992,
        -6.997168064117432
      ],
      "agent_yaw": -0.17938031505876467,
      "caption": "agent at (1.4, -7.0) sees: room interior | searching for any"
    }
  ],
  "decisions": [
    {
      "step_idx": 0,
      "raw_top1_id": 50001,
      "raw_top1_world_xy": [
        1.1471102237701416,
        -5.365938186645508
      ],
      "raw_top1_score": 0.1,
      "chosen_id": 50001,
      "chosen_world_xy": [
        1.1471102237701416,
        -5.365938186645508
      ],
      "chosen_source": "remembr",
      "chosen_final_score": 0.1,
      "n_planner_candidates": 1,
      "n_memory_candidates": 0,
      "candidates": [
        {
          "id": 50001,
          "world_xy": [
            1.1471102237701416,
            -5.365938186645508
          ],
          "distance_m": 1.5,
          "bearing_rad": 0.0,
          "cluster_size": 0,
          "raw_score": 0.1,
          "source": "remembr"
        }
      ],
      "rerank_top": [
        {
          "response": "go to (1.1, -5.4) distance 1.5m bearing +0.00rad size 0",
          "final_score": 0.1,
          "scores": {}
        }
      ],
      "retrieval_counts": {
        "fine": 0,
        "mid": 0,
        "coarse": 0
      }
    },
    {
      "step_idx": 8,
      "raw_top1_id": 90002,
      "raw_top1_world_xy": [
        1.4429001808166504,
        -6.997168064117432
      ],
      "raw_top1_score": 0.8022176623344421,
      "chosen_id": 90002,
      "chosen_world_xy": [
        1.4429001808166504,
        -6.997168064117432
      ],
      "chosen_source": "stop",
      "chosen_final_score": 0.8022176623344421,
      "n_planner_candidates": 1,
      "n_memory_candidates": 0,
      "candidates": [
        {
          "id": 90002,
          "world_xy": [
            1.4429001808166504,
            -6.997168064117432
          ],
          "distance_m": 0.0,
          "bearing_rad": 0.0,
          "cluster_size": 0,
          "raw_score": 0.8022176623344421,
          "source": "stop"
        }
      ],
      "rerank_top": [
        {
          "response": "go to (1.4, -7.0) distance 0.0m bearing +0.00rad size 0",
          "final_score": 0.8022176623344421,
          "scores": {}
        }
      ],
      "retrieval_counts": {
        "fine": 0,
        "mid": 0,
        "coarse": 0
      }
    }
  ],
  "finished_at": 1779454815.2987454,
  "n_steps": 9,
  "success": false,
  "spl": 0.0,
  "soft_spl": 0.024188222842200457,
  "distance_to_goal": 5.711589813232422,
  "rerank_calls": 2,
  "rerank_disagreements": 0,
  "retrieval_hits": 0,
  "n_memory_candidates": 0,
  "n_memory_chosen": 0,
  "n_stop_signals": 1,
  "bridge_stats_after": {
    "ltm_counts": {
      "fine": 0,
      "mid": 0,
      "coarse": 0
    },
    "n_clusters": 0,
    "episodes_seen": 14,
    "successful_episodes_seen": 0,
    "n_keyframes_observed": 0,
    "modules_invoked": {
      "stm": false,
      "consolidation": false,
      "ltm_fine": false,
      "ltm_mid": false,
      "ltm_coarse": false,
      "rerank": false
    },
    "ablation": {
      "disable_stm": true,
      "disable_ltm": true,
      "disable_rerank": true
    },
    "affordance_table_size": 0,
    "affordance_categories": []
  }
}