{
  "episode_idx": 8,
  "episode_id": "12",
  "scene_id": "wcojb4TFT35",
  "target_category": "sofa",
  "started_at": 1779454812.9946702,
  "steps": [
    {
      "step_idx": 0,
      "action": null,
      "reward": 0.0,
      "done": false,
      "agent_pos": [
        -0.30553001165390015,
        -0.005080000031739473,
        -6.938610076904297
      ],
      "agent_yaw": 2.6041132404463814,
      "caption": "agent at (-0.3, -6.9) sees: room interior | searching for any"
    },
    {
      "step_idx": 5,
      "action": 1,
      "reward": 0.0,
      "done": false,
      "agent_pos": [
        -0.9455062747001648,
        -0.005079984664916992,
        -5.864839553833008
      ],
      "agent_yaw": 2.6041132404463814,
      "caption": "agent at (-0.9, -5.9) sees: room interior | searching for any"
    },
    {
      "step_idx": 10,
      "action": 0,
      "reward": 0.0,
      "done": true,
      "agent_pos": [
        -1.2140518426895142,
        -0.005079984664916992,
        -5.414266586303711
      ],
      "agent_yaw": 2.6041132404463814,
      "caption": "agent at (-1.2, -5.4) sees: room interior | searching for any"
    }
  ],
  "decisions": [
    {
      "step_idx": 0,
      "raw_top1_id": 50001,
      "raw_top1_world_xy": [
        0.46242862939834595,
        -8.227112770080566
      ],
      "raw_top1_score": 0.1,
      "chosen_id": 50001,
      "chosen_world_xy": [
        0.46242862939834595,
        -8.227112770080566
      ],
      "chosen_source": "remembr",
      "chosen_final_score": 0.1,
      "n_planner_candidates": 1,
      "n_memory_candidates": 0,
      "candidates": [
        {
          "id": 50001,
          "world_xy": [
            0.46242862939834595,
            -8.227112770080566
          ],
          "distance_m": 1.5,
          "bearing_rad": 0.0,
          "cluster_size": 0,
          "raw_score": 0.1,
          "source": "remembr"
        }
      ],
      "rerank_top": [
        {
          "response": "go to (0.5, -8.2) distance 1.5m bearing +0.00rad size 0",
          "final_score": 0.1,
          "scores": {}
        }
      ],
      "retrieval_counts": {
        "fine": 0,
        "mid": 0,
        "coarse": 0
      }
    },
    {
      "step_idx": 9,
      "raw_top1_id": 90002,
      "raw_top1_world_xy": [
        -1.2140518426895142,
        -5.414266586303711
      ],
      "raw_top1_score": 0.7141279578208923,
      "chosen_id": 90002,
      "chosen_world_xy": [
        -1.2140518426895142,
        -5.414266586303711
      ],
      "chosen_source": "stop",
      "chosen_final_score": 0.7141279578208923,
      "n_planner_candidates": 1,
      "n_memory_candidates": 0,
      "candidates": [
        {
          "id": 90002,
          "world_xy": [
            -1.2140518426895142,
            -5.414266586303711
          ],
          "distance_m": 0.0,
          "bearing_rad": 0.0,
          "cluster_size": 0,
          "raw_score": 0.7141279578208923,
          "source": "stop"
        }
      ],
      "rerank_top": [
        {
          "response": "go to (-1.2, -5.4) distance 0.0m bearing +0.00rad size 0",
          "final_score": 0.7141279578208923,
          "scores": {}
        }
      ],
      "retrieval_counts": {
        "fine": 0,
        "mid": 0,
        "coarse": 0
      }
    }
  ],
  "finished_at": 1779454813.4281766,
  "n_steps": 10,
  "success": false,
  "spl": 0.0,
  "soft_spl": 0.13185508768554832,
  "distance_to_goal": 3.2019731998443604,
  "rerank_calls": 2,
  "rerank_disagreements": 0,
  "retrieval_hits": 0,
  "n_memory_candidates": 0,
  "n_memory_chosen": 0,
  "n_stop_signals": 1,
  "bridge_stats_after": {
    "ltm_counts": {
      "fine": 0,
      "mid": 0,
      "coarse": 0
    },
    "n_clusters": 0,
    "episodes_seen": 9,
    "successful_episodes_seen": 0,
    "n_keyframes_observed": 0,
    "modules_invoked": {
      "stm": false,
      "consolidation": false,
      "ltm_fine": false,
      "ltm_mid": false,
      "ltm_coarse": false,
      "rerank": false
    },
    "ablation": {
      "disable_stm": true,
      "disable_ltm": true,
      "disable_rerank": true
    },
    "affordance_table_size": 0,
    "affordance_categories": []
  }
}