{
  "episode_idx": 9,
  "episode_id": "4",
  "scene_id": "wcojb4TFT35",
  "target_category": "bed",
  "started_at": 1779454813.4434817,
  "steps": [
    {
      "step_idx": 0,
      "action": null,
      "reward": 0.0,
      "done": false,
      "agent_pos": [
        1.7647700309753418,
        2.5949199199676514,
        -14.177229881286621
      ],
      "agent_yaw": 1.3857185100202134,
      "caption": "agent at (1.8, -14.2) sees: room interior | searching for any"
    },
    {
      "step_idx": 5,
      "action": 1,
      "reward": 0.0,
      "done": false,
      "agent_pos": [
        1.6380581855773926,
        2.5949201583862305,
        -14.200952529907227
      ],
      "agent_yaw": 1.3857185100202134,
      "caption": "agent at (1.6, -14.2) sees: room interior | searching for any"
    }
  ],
  "decisions": [
    {
      "step_idx": 0,
      "raw_top1_id": 50001,
      "raw_top1_world_xy": [
        3.2391529083251953,
        -13.901195526123047
      ],
      "raw_top1_score": 0.1,
      "chosen_id": 50001,
      "chosen_world_xy": [
        3.2391529083251953,
        -13.901195526123047
      ],
      "chosen_source": "remembr",
      "chosen_final_score": 0.1,
      "n_planner_candidates": 1,
      "n_memory_candidates": 0,
      "candidates": [
        {
          "id": 50001,
          "world_xy": [
            3.2391529083251953,
            -13.901195526123047
          ],
          "distance_m": 1.5,
          "bearing_rad": 0.0,
          "cluster_size": 0,
          "raw_score": 0.1,
          "source": "remembr"
        }
      ],
      "rerank_top": [
        {
          "response": "go to (3.2, -13.9) distance 1.5m bearing +0.00rad size 0",
          "final_score": 0.1,
          "scores": {}
        }
      ],
      "retrieval_counts": {
        "fine": 0,
        "mid": 0,
        "coarse": 0
      }
    },
    {
      "step_idx": 8,
      "raw_top1_id": 90002,
      "raw_top1_world_xy": [
        1.6380581855773926,
        -14.200952529907227
      ],
      "raw_top1_score": 0.7974967956542969,
      "chosen_id": 90002,
      "chosen_world_xy": [
        1.6380581855773926,
        -14.200952529907227
      ],
      "chosen_source": "stop",
      "chosen_final_score": 0.7974967956542969,
      "n_planner_candidates": 1,
      "n_memory_candidates": 0,
      "candidates": [
        {
          "id": 90002,
          "world_xy": [
            1.6380581855773926,
            -14.200952529907227
          ],
          "distance_m": 0.0,
          "bearing_rad": 0.0,
          "cluster_size": 0,
          "raw_score": 0.7974967956542969,
          "source": "stop"
        }
      ],
      "rerank_top": [
        {
          "response": "go to (1.6, -14.2) distance 0.0m bearing +0.00rad size 0",
          "final_score": 0.7974967956542969,
          "scores": {}
        }
      ],
      "retrieval_counts": {
        "fine": 0,
        "mid": 0,
        "coarse": 0
      }
    }
  ],
  "finished_at": 1779454813.780944,
  "n_steps": 9,
  "success": false,
  "spl": 0.0,
  "soft_spl": 0.009210713993868747,
  "distance_to_goal": 3.5209310054779053,
  "rerank_calls": 2,
  "rerank_disagreements": 0,
  "retrieval_hits": 0,
  "n_memory_candidates": 0,
  "n_memory_chosen": 0,
  "n_stop_signals": 1,
  "bridge_stats_after": {
    "ltm_counts": {
      "fine": 0,
      "mid": 0,
      "coarse": 0
    },
    "n_clusters": 0,
    "episodes_seen": 10,
    "successful_episodes_seen": 0,
    "n_keyframes_observed": 0,
    "modules_invoked": {
      "stm": false,
      "consolidation": false,
      "ltm_fine": false,
      "ltm_mid": false,
      "ltm_coarse": false,
      "rerank": false
    },
    "ablation": {
      "disable_stm": true,
      "disable_ltm": true,
      "disable_rerank": true
    },
    "affordance_table_size": 0,
    "affordance_categories": []
  }
}