{
  "episode_idx": 23,
  "episode_id": "3",
  "scene_id": "TEEsavR23oF",
  "target_category": "plant",
  "started_at": 1779454820.210786,
  "steps": [
    {
      "step_idx": 0,
      "action": null,
      "reward": 0.0,
      "done": false,
      "agent_pos": [
        -11.887060165405273,
        0.1633799970149994,
        -1.426419973373413
      ],
      "agent_yaw": -2.4943048919270536,
      "caption": "agent at (-11.9, -1.4) sees: room interior | searching for any"
    },
    {
      "step_idx": 5,
      "action": 1,
      "reward": 0.0,
      "done": false,
      "agent_pos": [
        -11.696089744567871,
        0.16337794065475464,
        -1.173791527748108
      ],
      "agent_yaw": -2.4943048919270536,
      "caption": "agent at (-11.7, -1.2) sees: room interior | searching for any"
    }
  ],
  "decisions": [
    {
      "step_idx": 0,
      "raw_top1_id": 50001,
      "raw_top1_world_xy": [
        -12.791597366333008,
        -2.6230034828186035
      ],
      "raw_top1_score": 0.1,
      "chosen_id": 50001,
      "chosen_world_xy": [
        -12.791597366333008,
        -2.6230034828186035
      ],
      "chosen_source": "remembr",
      "chosen_final_score": 0.1,
      "n_planner_candidates": 1,
      "n_memory_candidates": 0,
      "candidates": [
        {
          "id": 50001,
          "world_xy": [
            -12.791597366333008,
            -2.6230034828186035
          ],
          "distance_m": 1.5,
          "bearing_rad": 0.0,
          "cluster_size": 0,
          "raw_score": 0.1,
          "source": "remembr"
        }
      ],
      "rerank_top": [
        {
          "response": "go to (-12.8, -2.6) distance 1.5m bearing +0.00rad size 0",
          "final_score": 0.1,
          "scores": {}
        }
      ],
      "retrieval_counts": {
        "fine": 0,
        "mid": 0,
        "coarse": 0
      }
    },
    {
      "step_idx": 8,
      "raw_top1_id": 90002,
      "raw_top1_world_xy": [
        -11.696089744567871,
        -1.173791527748108
      ],
      "raw_top1_score": 0.8015983700752258,
      "chosen_id": 90002,
      "chosen_world_xy": [
        -11.696089744567871,
        -1.173791527748108
      ],
      "chosen_source": "stop",
      "chosen_final_score": 0.8015983700752258,
      "n_planner_candidates": 1,
      "n_memory_candidates": 0,
      "candidates": [
        {
          "id": 90002,
          "world_xy": [
            -11.696089744567871,
            -1.173791527748108
          ],
          "distance_m": 0.0,
          "bearing_rad": 0.0,
          "cluster_size": 0,
          "raw_score": 0.8015983700752258,
          "source": "stop"
        }
      ],
      "rerank_top": [
        {
          "response": "go to (-11.7, -1.2) distance 0.0m bearing +0.00rad size 0",
          "final_score": 0.8015983700752258,
          "scores": {}
        }
      ],
      "retrieval_counts": {
        "fine": 0,
        "mid": 0,
        "coarse": 0
      }
    }
  ],
  "finished_at": 1779454820.5406928,
  "n_steps": 9,
  "success": false,
  "spl": 0.0,
  "soft_spl": 0.0,
  "distance_to_goal": 12.431868553161621,
  "rerank_calls": 2,
  "rerank_disagreements": 0,
  "retrieval_hits": 0,
  "n_memory_candidates": 0,
  "n_memory_chosen": 0,
  "n_stop_signals": 1,
  "bridge_stats_after": {
    "ltm_counts": {
      "fine": 0,
      "mid": 0,
      "coarse": 0
    },
    "n_clusters": 0,
    "episodes_seen": 24,
    "successful_episodes_seen": 0,
    "n_keyframes_observed": 0,
    "modules_invoked": {
      "stm": false,
      "consolidation": false,
      "ltm_fine": false,
      "ltm_mid": false,
      "ltm_coarse": false,
      "rerank": false
    },
    "ablation": {
      "disable_stm": true,
      "disable_ltm": true,
      "disable_rerank": true
    },
    "affordance_table_size": 0,
    "affordance_categories": []
  }
}