{
  "episode_idx": 6,
  "episode_id": "8",
  "scene_id": "wcojb4TFT35",
  "target_category": "chair",
  "started_at": 1779454812.0907078,
  "steps": [
    {
      "step_idx": 0,
      "action": null,
      "reward": 0.0,
      "done": false,
      "agent_pos": [
        -1.3337600231170654,
        2.5949199199676514,
        -13.755200386047363
      ],
      "agent_yaw": -2.251112413546934,
      "caption": "agent at (-1.3, -13.8) sees: room interior | searching for any"
    },
    {
      "step_idx": 5,
      "action": 1,
      "reward": 0.0,
      "done": false,
      "agent_pos": [
        -0.6999419927597046,
        2.5949201583862305,
        -13.242325782775879
      ],
      "agent_yaw": -2.251112413546934,
      "caption": "agent at (-0.7, -13.2) sees: room interior | searching for any"
    },
    {
      "step_idx": 10,
      "action": 0,
      "reward": 0.0,
      "done": true,
      "agent_pos": [
        -0.6999419927597046,
        2.5949201583862305,
        -13.242325782775879
      ],
      "agent_yaw": -2.251112413546934,
      "caption": "agent at (-0.7, -13.2) sees: room interior | searching for any"
    }
  ],
  "decisions": [
    {
      "step_idx": 0,
      "raw_top1_id": 50001,
      "raw_top1_world_xy": [
        -2.4998209476470947,
        -14.698758125305176
      ],
      "raw_top1_score": 0.1,
      "chosen_id": 50001,
      "chosen_world_xy": [
        -2.4998209476470947,
        -14.698758125305176
      ],
      "chosen_source": "remembr",
      "chosen_final_score": 0.1,
      "n_planner_candidates": 1,
      "n_memory_candidates": 0,
      "candidates": [
        {
          "id": 50001,
          "world_xy": [
            -2.4998209476470947,
            -14.698758125305176
          ],
          "distance_m": 1.5,
          "bearing_rad": 0.0,
          "cluster_size": 0,
          "raw_score": 0.1,
          "source": "remembr"
        }
      ],
      "rerank_top": [
        {
          "response": "go to (-2.5, -14.7) distance 1.5m bearing +0.00rad size 0",
          "final_score": 0.1,
          "scores": {}
        }
      ],
      "retrieval_counts": {
        "fine": 0,
        "mid": 0,
        "coarse": 0
      }
    },
    {
      "step_idx": 9,
      "raw_top1_id": 90002,
      "raw_top1_world_xy": [
        -0.6999419927597046,
        -13.242325782775879
      ],
      "raw_top1_score": 0.7685885429382324,
      "chosen_id": 90002,
      "chosen_world_xy": [
        -0.6999419927597046,
        -13.242325782775879
      ],
      "chosen_source": "stop",
      "chosen_final_score": 0.7685885429382324,
      "n_planner_candidates": 1,
      "n_memory_candidates": 0,
      "candidates": [
        {
          "id": 90002,
          "world_xy": [
            -0.6999419927597046,
            -13.242325782775879
          ],
          "distance_m": 0.0,
          "bearing_rad": 0.0,
          "cluster_size": 0,
          "raw_score": 0.7685885429382324,
          "source": "stop"
        }
      ],
      "rerank_top": [
        {
          "response": "go to (-0.7, -13.2) distance 0.0m bearing +0.00rad size 0",
          "final_score": 0.7685885429382324,
          "scores": {}
        }
      ],
      "retrieval_counts": {
        "fine": 0,
        "mid": 0,
        "coarse": 0
      }
    }
  ],
  "finished_at": 1779454812.5218675,
  "n_steps": 10,
  "success": false,
  "spl": 0.0,
  "soft_spl": 0.08705642850850714,
  "distance_to_goal": 5.386590480804443,
  "rerank_calls": 2,
  "rerank_disagreements": 0,
  "retrieval_hits": 0,
  "n_memory_candidates": 0,
  "n_memory_chosen": 0,
  "n_stop_signals": 1,
  "bridge_stats_after": {
    "ltm_counts": {
      "fine": 0,
      "mid": 0,
      "coarse": 0
    },
    "n_clusters": 0,
    "episodes_seen": 7,
    "successful_episodes_seen": 0,
    "n_keyframes_observed": 0,
    "modules_invoked": {
      "stm": false,
      "consolidation": false,
      "ltm_fine": false,
      "ltm_mid": false,
      "ltm_coarse": false,
      "rerank": false
    },
    "ablation": {
      "disable_stm": true,
      "disable_ltm": true,
      "disable_rerank": true
    },
    "affordance_table_size": 0,
    "affordance_categories": []
  }
}