{
  "episode_idx": 4,
  "episode_id": "10",
  "scene_id": "wcojb4TFT35",
  "target_category": "tv_monitor",
  "started_at": 1779454811.1700077,
  "steps": [
    {
      "step_idx": 0,
      "action": null,
      "reward": 0.0,
      "done": false,
      "agent_pos": [
        0.636389970779419,
        0.19492000341415405,
        -10.540559768676758
      ],
      "agent_yaw": -0.5220278201315377,
      "caption": "agent at (0.6, -10.5) sees: room interior | searching for any"
    },
    {
      "step_idx": 5,
      "action": 1,
      "reward": 0.0,
      "done": false,
      "agent_pos": [
        1.1892119646072388,
        0.19491982460021973,
        -11.501558303833008
      ],
      "agent_yaw": -0.5220278201315377,
      "caption": "agent at (1.2, -11.5) sees: room interior | searching for any"
    },
    {
      "step_idx": 10,
      "action": 0,
      "reward": 0.0,
      "done": true,
      "agent_pos": [
        1.1892119646072388,
        0.19491982460021973,
        -11.501558303833008
      ],
      "agent_yaw": -0.5220278201315377,
      "caption": "agent at (1.2, -11.5) sees: room interior | searching for any"
    }
  ],
  "decisions": [
    {
      "step_idx": 0,
      "raw_top1_id": 50001,
      "raw_top1_world_xy": [
        -0.1115683764219284,
        -9.240345001220703
      ],
      "raw_top1_score": 0.1,
      "chosen_id": 50001,
      "chosen_world_xy": [
        -0.1115683764219284,
        -9.240345001220703
      ],
      "chosen_source": "remembr",
      "chosen_final_score": 0.1,
      "n_planner_candidates": 1,
      "n_memory_candidates": 0,
      "candidates": [
        {
          "id": 50001,
          "world_xy": [
            -0.1115683764219284,
            -9.240345001220703
          ],
          "distance_m": 1.5,
          "bearing_rad": 0.0,
          "cluster_size": 0,
          "raw_score": 0.1,
          "source": "remembr"
        }
      ],
      "rerank_top": [
        {
          "response": "go to (-0.1, -9.2) distance 1.5m bearing +0.00rad size 0",
          "final_score": 0.1,
          "scores": {}
        }
      ],
      "retrieval_counts": {
        "fine": 0,
        "mid": 0,
        "coarse": 0
      }
    },
    {
      "step_idx": 9,
      "raw_top1_id": 90002,
      "raw_top1_world_xy": [
        1.1892119646072388,
        -11.501558303833008
      ],
      "raw_top1_score": 0.7962548732757568,
      "chosen_id": 90002,
      "chosen_world_xy": [
        1.1892119646072388,
        -11.501558303833008
      ],
      "chosen_source": "stop",
      "chosen_final_score": 0.7962548732757568,
      "n_planner_candidates": 1,
      "n_memory_candidates": 0,
      "candidates": [
        {
          "id": 90002,
          "world_xy": [
            1.1892119646072388,
            -11.501558303833008
          ],
          "distance_m": 0.0,
          "bearing_rad": 0.0,
          "cluster_size": 0,
          "raw_score": 0.7962548732757568,
          "source": "stop"
        }
      ],
      "rerank_top": [
        {
          "response": "go to (1.2, -11.5) distance 0.0m bearing +0.00rad size 0",
          "final_score": 0.7962548732757568,
          "scores": {}
        }
      ],
      "retrieval_counts": {
        "fine": 0,
        "mid": 0,
        "coarse": 0
      }
    }
  ],
  "finished_at": 1779454811.610674,
  "n_steps": 10,
  "success": false,
  "spl": 0.0,
  "soft_spl": 0.0,
  "distance_to_goal": 12.747260093688965,
  "rerank_calls": 2,
  "rerank_disagreements": 0,
  "retrieval_hits": 0,
  "n_memory_candidates": 0,
  "n_memory_chosen": 0,
  "n_stop_signals": 1,
  "bridge_stats_after": {
    "ltm_counts": {
      "fine": 0,
      "mid": 0,
      "coarse": 0
    },
    "n_clusters": 0,
    "episodes_seen": 5,
    "successful_episodes_seen": 0,
    "n_keyframes_observed": 0,
    "modules_invoked": {
      "stm": false,
      "consolidation": false,
      "ltm_fine": false,
      "ltm_mid": false,
      "ltm_coarse": false,
      "rerank": false
    },
    "ablation": {
      "disable_stm": true,
      "disable_ltm": true,
      "disable_rerank": true
    },
    "affordance_table_size": 0,
    "affordance_categories": []
  }
}