{
  "episode_idx": 15,
  "episode_id": "8",
  "scene_id": "TEEsavR23oF",
  "target_category": "sofa",
  "started_at": 1779454816.7725718,
  "steps": [
    {
      "step_idx": 0,
      "action": null,
      "reward": 0.0,
      "done": false,
      "agent_pos": [
        -4.310540199279785,
        0.1633799970149994,
        -0.6542800068855286
      ],
      "agent_yaw": 0.5590313756264493,
      "caption": "agent at (-4.3, -0.7) sees: room interior | searching for any"
    },
    {
      "step_idx": 5,
      "action": 1,
      "reward": 0.0,
      "done": false,
      "agent_pos": [
        -4.312488079071045,
        0.16337794065475464,
        -0.6573933362960815
      ],
      "agent_yaw": 0.5590313756264493,
      "caption": "agent at (-4.3, -0.7) sees: room interior | searching for any"
    }
  ],
  "decisions": [
    {
      "step_idx": 0,
      "raw_top1_id": 50001,
      "raw_top1_world_xy": [
        -3.5149922370910645,
        0.6173738241195679
      ],
      "raw_top1_score": 0.1,
      "chosen_id": 50001,
      "chosen_world_xy": [
        -3.5149922370910645,
        0.6173738241195679
      ],
      "chosen_source": "remembr",
      "chosen_final_score": 0.1,
      "n_planner_candidates": 1,
      "n_memory_candidates": 0,
      "candidates": [
        {
          "id": 50001,
          "world_xy": [
            -3.5149922370910645,
            0.6173738241195679
          ],
          "distance_m": 1.5,
          "bearing_rad": 0.0,
          "cluster_size": 0,
          "raw_score": 0.1,
          "source": "remembr"
        }
      ],
      "rerank_top": [
        {
          "response": "go to (-3.5, 0.6) distance 1.5m bearing +0.00rad size 0",
          "final_score": 0.1,
          "scores": {}
        }
      ],
      "retrieval_counts": {
        "fine": 0,
        "mid": 0,
        "coarse": 0
      }
    },
    {
      "step_idx": 7,
      "raw_top1_id": 50002,
      "raw_top1_world_xy": [
        -3.516940116882324,
        0.6142604947090149
      ],
      "raw_top1_score": 0.1,
      "chosen_id": 50002,
      "chosen_world_xy": [
        -3.516940116882324,
        0.6142604947090149
      ],
      "chosen_source": "remembr",
      "chosen_final_score": 0.1,
      "n_planner_candidates": 1,
      "n_memory_candidates": 0,
      "candidates": [
        {
          "id": 50002,
          "world_xy": [
            -3.516940116882324,
            0.6142604947090149
          ],
          "distance_m": 1.5,
          "bearing_rad": 0.0,
          "cluster_size": 0,
          "raw_score": 0.1,
          "source": "remembr"
        }
      ],
      "rerank_top": [
        {
          "response": "go to (-3.5, 0.6) distance 1.5m bearing +0.00rad size 0",
          "final_score": 0.1,
          "scores": {}
        }
      ],
      "retrieval_counts": {
        "fine": 0,
        "mid": 0,
        "coarse": 0
      }
    },
    {
      "step_idx": 8,
      "raw_top1_id": 90003,
      "raw_top1_world_xy": [
        -4.312488079071045,
        -0.6573933362960815
      ],
      "raw_top1_score": 0.7183405756950378,
      "chosen_id": 90003,
      "chosen_world_xy": [
        -4.312488079071045,
        -0.6573933362960815
      ],
      "chosen_source": "stop",
      "chosen_final_score": 0.7183405756950378,
      "n_planner_candidates": 1,
      "n_memory_candidates": 0,
      "candidates": [
        {
          "id": 90003,
          "world_xy": [
            -4.312488079071045,
            -0.6573933362960815
          ],
          "distance_m": 0.0,
          "bearing_rad": 0.0,
          "cluster_size": 0,
          "raw_score": 0.7183405756950378,
          "source": "stop"
        }
      ],
      "rerank_top": [
        {
          "response": "go to (-4.3, -0.7) distance 0.0m bearing +0.00rad size 0",
          "final_score": 0.7183405756950378,
          "scores": {}
        }
      ],
      "retrieval_counts": {
        "fine": 0,
        "mid": 0,
        "coarse": 0
      }
    }
  ],
  "finished_at": 1779454817.203894,
  "n_steps": 9,
  "success": false,
  "spl": 0.0,
  "soft_spl": 0.0,
  "distance_to_goal": 3.7607171535491943,
  "rerank_calls": 3,
  "rerank_disagreements": 0,
  "retrieval_hits": 0,
  "n_memory_candidates": 0,
  "n_memory_chosen": 0,
  "n_stop_signals": 1,
  "bridge_stats_after": {
    "ltm_counts": {
      "fine": 0,
      "mid": 0,
      "coarse": 0
    },
    "n_clusters": 0,
    "episodes_seen": 16,
    "successful_episodes_seen": 0,
    "n_keyframes_observed": 0,
    "modules_invoked": {
      "stm": false,
      "consolidation": false,
      "ltm_fine": false,
      "ltm_mid": false,
      "ltm_coarse": false,
      "rerank": false
    },
    "ablation": {
      "disable_stm": true,
      "disable_ltm": true,
      "disable_rerank": true
    },
    "affordance_table_size": 0,
    "affordance_categories": []
  }
}