{
  "episode_idx": 25,
  "episode_id": "11",
  "scene_id": "TEEsavR23oF",
  "target_category": "plant",
  "started_at": 1779454820.972331,
  "steps": [
    {
      "step_idx": 0,
      "action": null,
      "reward": 0.0,
      "done": false,
      "agent_pos": [
        -3.8735098838806152,
        0.1633799970149994,
        -4.133220195770264
      ],
      "agent_yaw": 1.8837766184196998,
      "caption": "agent at (-3.9, -4.1) sees: room interior | searching for any"
    },
    {
      "step_idx": 5,
      "action": 1,
      "reward": 0.0,
      "done": false,
      "agent_pos": [
        -3.9779741764068604,
        0.16337794065475464,
        -4.099413871765137
      ],
      "agent_yaw": 1.8837766184196998,
      "caption": "agent at (-4.0, -4.1) sees: room interior | searching for any"
    }
  ],
  "decisions": [
    {
      "step_idx": 0,
      "raw_top1_id": 50001,
      "raw_top1_world_xy": [
        -2.4463796615600586,
        -4.59506368637085
      ],
      "raw_top1_score": 0.1,
      "chosen_id": 50001,
      "chosen_world_xy": [
        -2.4463796615600586,
        -4.59506368637085
      ],
      "chosen_source": "remembr",
      "chosen_final_score": 0.1,
      "n_planner_candidates": 1,
      "n_memory_candidates": 0,
      "candidates": [
        {
          "id": 50001,
          "world_xy": [
            -2.4463796615600586,
            -4.59506368637085
          ],
          "distance_m": 1.5,
          "bearing_rad": 0.0,
          "cluster_size": 0,
          "raw_score": 0.1,
          "source": "remembr"
        }
      ],
      "rerank_top": [
        {
          "response": "go to (-2.4, -4.6) distance 1.5m bearing +0.00rad size 0",
          "final_score": 0.1,
          "scores": {}
        }
      ],
      "retrieval_counts": {
        "fine": 0,
        "mid": 0,
        "coarse": 0
      }
    },
    {
      "step_idx": 8,
      "raw_top1_id": 90002,
      "raw_top1_world_xy": [
        -3.9779741764068604,
        -4.099413871765137
      ],
      "raw_top1_score": 0.8015983700752258,
      "chosen_id": 90002,
      "chosen_world_xy": [
        -3.9779741764068604,
        -4.099413871765137
      ],
      "chosen_source": "stop",
      "chosen_final_score": 0.8015983700752258,
      "n_planner_candidates": 1,
      "n_memory_candidates": 0,
      "candidates": [
        {
          "id": 90002,
          "world_xy": [
            -3.9779741764068604,
            -4.099413871765137
          ],
          "distance_m": 0.0,
          "bearing_rad": 0.0,
          "cluster_size": 0,
          "raw_score": 0.8015983700752258,
          "source": "stop"
        }
      ],
      "rerank_top": [
        {
          "response": "go to (-4.0, -4.1) distance 0.0m bearing +0.00rad size 0",
          "final_score": 0.8015983700752258,
          "scores": {}
        }
      ],
      "retrieval_counts": {
        "fine": 0,
        "mid": 0,
        "coarse": 0
      }
    }
  ],
  "finished_at": 1779454821.3032582,
  "n_steps": 9,
  "success": false,
  "spl": 0.0,
  "soft_spl": 0.0019836129859954754,
  "distance_to_goal": 18.965473175048828,
  "rerank_calls": 2,
  "rerank_disagreements": 0,
  "retrieval_hits": 0,
  "n_memory_candidates": 0,
  "n_memory_chosen": 0,
  "n_stop_signals": 1,
  "bridge_stats_after": {
    "ltm_counts": {
      "fine": 0,
      "mid": 0,
      "coarse": 0
    },
    "n_clusters": 0,
    "episodes_seen": 26,
    "successful_episodes_seen": 0,
    "n_keyframes_observed": 0,
    "modules_invoked": {
      "stm": false,
      "consolidation": false,
      "ltm_fine": false,
      "ltm_mid": false,
      "ltm_coarse": false,
      "rerank": false
    },
    "ablation": {
      "disable_stm": true,
      "disable_ltm": true,
      "disable_rerank": true
    },
    "affordance_table_size": 0,
    "affordance_categories": []
  }
}