{
  "episode_idx": 26,
  "episode_id": "12",
  "scene_id": "TEEsavR23oF",
  "target_category": "plant",
  "started_at": 1779454821.310331,
  "steps": [
    {
      "step_idx": 0,
      "action": null,
      "reward": 0.0,
      "done": false,
      "agent_pos": [
        -7.899059772491455,
        0.1633799970149994,
        -0.9959400296211243
      ],
      "agent_yaw": -0.036042037632387405,
      "caption": "agent at (-7.9, -1.0) sees: room interior | searching for any"
    },
    {
      "step_idx": 5,
      "action": 1,
      "reward": 0.0,
      "done": false,
      "agent_pos": [
        -7.854017734527588,
        0.16337794065475464,
        -2.2451281547546387
      ],
      "agent_yaw": -0.036042037632387405,
      "caption": "agent at (-7.9, -2.2) sees: room interior | searching for any"
    },
    {
      "step_idx": 10,
      "action": 0,
      "reward": 0.0,
      "done": true,
      "agent_pos": [
        -7.838222503662109,
        0.16337794065475464,
        -2.6831858158111572
      ],
      "agent_yaw": -0.036042037632387405,
      "caption": "agent at (-7.8, -2.7) sees: room interior | searching for any"
    }
  ],
  "decisions": [
    {
      "step_idx": 0,
      "raw_top1_id": 50001,
      "raw_top1_world_xy": [
        -7.953111171722412,
        0.5030857920646667
      ],
      "raw_top1_score": 0.1,
      "chosen_id": 50001,
      "chosen_world_xy": [
        -7.953111171722412,
        0.5030857920646667
      ],
      "chosen_source": "remembr",
      "chosen_final_score": 0.1,
      "n_planner_candidates": 1,
      "n_memory_candidates": 0,
      "candidates": [
        {
          "id": 50001,
          "world_xy": [
            -7.953111171722412,
            0.5030857920646667
          ],
          "distance_m": 1.5,
          "bearing_rad": 0.0,
          "cluster_size": 0,
          "raw_score": 0.1,
          "source": "remembr"
        }
      ],
      "rerank_top": [
        {
          "response": "go to (-8.0, 0.5) distance 1.5m bearing +0.00rad size 0",
          "final_score": 0.1,
          "scores": {}
        }
      ],
      "retrieval_counts": {
        "fine": 0,
        "mid": 0,
        "coarse": 0
      }
    },
    {
      "step_idx": 9,
      "raw_top1_id": 90002,
      "raw_top1_world_xy": [
        -7.838222503662109,
        -2.6831858158111572
      ],
      "raw_top1_score": 0.7902819514274597,
      "chosen_id": 90002,
      "chosen_world_xy": [
        -7.838222503662109,
        -2.6831858158111572
      ],
      "chosen_source": "stop",
      "chosen_final_score": 0.7902819514274597,
      "n_planner_candidates": 1,
      "n_memory_candidates": 0,
      "candidates": [
        {
          "id": 90002,
          "world_xy": [
            -7.838222503662109,
            -2.6831858158111572
          ],
          "distance_m": 0.0,
          "bearing_rad": 0.0,
          "cluster_size": 0,
          "raw_score": 0.7902819514274597,
          "source": "stop"
        }
      ],
      "rerank_top": [
        {
          "response": "go to (-7.8, -2.7) distance 0.0m bearing +0.00rad size 0",
          "final_score": 0.7902819514274597,
          "scores": {}
        }
      ],
      "retrieval_counts": {
        "fine": 0,
        "mid": 0,
        "coarse": 0
      }
    }
  ],
  "finished_at": 1779454821.729809,
  "n_steps": 10,
  "success": false,
  "spl": 0.0,
  "soft_spl": 0.025493180990089792,
  "distance_to_goal": 14.342398643493652,
  "rerank_calls": 2,
  "rerank_disagreements": 0,
  "retrieval_hits": 0,
  "n_memory_candidates": 0,
  "n_memory_chosen": 0,
  "n_stop_signals": 1,
  "bridge_stats_after": {
    "ltm_counts": {
      "fine": 0,
      "mid": 0,
      "coarse": 0
    },
    "n_clusters": 0,
    "episodes_seen": 27,
    "successful_episodes_seen": 0,
    "n_keyframes_observed": 0,
    "modules_invoked": {
      "stm": false,
      "consolidation": false,
      "ltm_fine": false,
      "ltm_mid": false,
      "ltm_coarse": false,
      "rerank": false
    },
    "ablation": {
      "disable_stm": true,
      "disable_ltm": true,
      "disable_rerank": true
    },
    "affordance_table_size": 0,
    "affordance_categories": []
  }
}