{
  "episode_idx": 20,
  "episode_id": "10",
  "scene_id": "TEEsavR23oF",
  "target_category": "bed",
  "started_at": 1779454900.0373824,
  "steps": [
    {
      "step_idx": 0,
      "action": null,
      "reward": 0.0,
      "done": false,
      "agent_pos": [
        -3.810879945755005,
        3.1633799076080322,
        -1.7106800079345703
      ],
      "agent_yaw": -1.0484481778114123,
      "caption": "agent at (-3.8, -1.7) sees: room interior | searching for any"
    },
    {
      "step_idx": 5,
      "action": 3,
      "reward": 0.0,
      "done": false,
      "agent_pos": [
        -3.810879945755005,
        3.1633780002593994,
        -1.7106800079345703
      ],
      "agent_yaw": 2.6167530240683745,
      "caption": "agent at (-3.8, -1.7) sees: room interior | searching for any"
    },
    {
      "step_idx": 10,
      "action": 0,
      "reward": 0.0,
      "done": true,
      "agent_pos": [
        -4.311954021453857,
        3.1633780002593994,
        -0.84527587890625
      ],
      "agent_yaw": 2.6167530240683745,
      "caption": "agent at (-4.3, -0.8) sees: room interior | searching for any"
    }
  ],
  "decisions": [
    {
      "step_idx": 0,
      "raw_top1_id": 50001,
      "raw_top1_world_xy": [
        -5.1108551025390625,
        -0.9623051881790161
      ],
      "raw_top1_score": 0.1,
      "chosen_id": 1001,
      "chosen_world_xy": [
        -1.7583999633789062,
        -6.735189914703369
      ],
      "chosen_source": "memory",
      "chosen_final_score": 0.5781711085909271,
      "n_planner_candidates": 1,
      "n_memory_candidates": 1,
      "candidates": [
        {
          "id": 50001,
          "world_xy": [
            -5.1108551025390625,
            -0.9623051881790161
          ],
          "distance_m": 1.5,
          "bearing_rad": 0.0,
          "cluster_size": 0,
          "raw_score": 0.1,
          "source": "remembr"
        },
        {
          "id": 1001,
          "world_xy": [
            -1.7583999633789062,
            -6.735189914703369
          ],
          "distance_m": 5.427556898022571,
          "bearing_rad": -2.480951382805809,
          "cluster_size": 0,
          "raw_score": 0.25705575942993164,
          "source": "memory"
        }
      ],
      "rerank_top": [
        {
          "response": "go to (-1.8, -6.7) distance 5.4m bearing -2.48rad size 0",
          "final_score": 0.5781711085909271,
          "scores": {
            "memory": 0.6849377788809841,
            "coherence": 0.5324139641809027
          }
        },
        {
          "response": "go to (-5.1, -1.0) distance 1.5m bearing +0.00rad size 0",
          "final_score": 0.5731744431320788,
          "scores": {
            "memory": 0.6855814771069292,
            "coherence": 0.525
          }
        }
      ],
      "retrieval_counts": {
        "fine": 3,
        "mid": 0,
        "coarse": 3
      }
    },
    {
      "step_idx": 9,
      "raw_top1_id": 90002,
      "raw_top1_world_xy": [
        -4.311954021453857,
        -0.84527587890625
      ],
      "raw_top1_score": 0.7974967956542969,
      "chosen_id": 90002,
      "chosen_world_xy": [
        -4.311954021453857,
        -0.84527587890625
      ],
      "chosen_source": "stop",
      "chosen_final_score": 0.6950273699251435,
      "n_planner_candidates": 1,
      "n_memory_candidates": 1,
      "candidates": [
        {
          "id": 90002,
          "world_xy": [
            -4.311954021453857,
            -0.84527587890625
          ],
          "distance_m": 0.0,
          "bearing_rad": 0.0,
          "cluster_size": 0,
          "raw_score": 0.7974967956542969,
          "source": "stop"
        },
        {
          "id": 1001,
          "world_xy": [
            -1.7583999633789062,
            -6.735189914703369
          ],
          "distance_m": 6.4196359457987135,
          "bearing_rad": 0.11575199865087882,
          "cluster_size": 0,
          "raw_score": 0.25705575942993164,
          "source": "memory"
        }
      ],
      "rerank_top": [
        {
          "response": "go to (-4.3, -0.8) distance 0.0m bearing +0.00rad size 0",
          "final_score": 0.6950273699251435,
          "scores": {
            "memory": 0.6863449714871319,
            "coherence": 0.6987483978271485
          }
        },
        {
          "response": "go to (-1.8, -6.7) distance 6.4m bearing +0.12rad size 0",
          "final_score": 0.5576736453720708,
          "scores": {
            "memory": 0.6833979300488296,
            "coherence": 0.5037918090820312
          }
        }
      ],
      "retrieval_counts": {
        "fine": 3,
        "mid": 0,
        "coarse": 3
      }
    }
  ],
  "finished_at": 1779454900.9193678,
  "n_steps": 10,
  "success": false,
  "spl": 0.0,
  "soft_spl": 0.0,
  "distance_to_goal": 8.944762229919434,
  "rerank_calls": 2,
  "rerank_disagreements": 1,
  "retrieval_hits": 2,
  "n_memory_candidates": 2,
  "n_memory_chosen": 1,
  "n_stop_signals": 1,
  "bridge_stats_after": {
    "ltm_counts": {
      "fine": 58,
      "mid": 0,
      "coarse": 10
    },
    "n_clusters": 0,
    "episodes_seen": 21,
    "successful_episodes_seen": 0,
    "n_keyframes_observed": 58,
    "modules_invoked": {
      "stm": true,
      "consolidation": true,
      "ltm_fine": true,
      "ltm_mid": false,
      "ltm_coarse": true,
      "rerank": true
    },
    "ablation": {
      "disable_stm": false,
      "disable_ltm": false,
      "disable_rerank": false
    },
    "affordance_table_size": 0,
    "affordance_categories": []
  }
}