{
  "episode_idx": 0,
  "episode_id": "5",
  "scene_id": "wcojb4TFT35",
  "target_category": "chair",
  "started_at": 1779454870.2874596,
  "steps": [
    {
      "step_idx": 0,
      "action": null,
      "reward": 0.0,
      "done": false,
      "agent_pos": [
        -0.22664999961853027,
        2.5949199199676514,
        -17.772069931030273
      ],
      "agent_yaw": 2.7504663250937167,
      "caption": "agent at (-0.2, -17.8) sees: room interior | searching for any"
    },
    {
      "step_idx": 5,
      "action": 1,
      "reward": 0.0,
      "done": false,
      "agent_pos": [
        -0.2435816526412964,
        2.5949201583862305,
        -17.73101043701172
      ],
      "agent_yaw": 2.7504663250937167,
      "caption": "agent at (-0.2, -17.7) sees: room interior | searching for any"
    }
  ],
  "decisions": [
    {
      "step_idx": 0,
      "raw_top1_id": 50001,
      "raw_top1_world_xy": [
        0.34519487619400024,
        -19.158790588378906
      ],
      "raw_top1_score": 0.1,
      "chosen_id": 50001,
      "chosen_world_xy": [
        0.34519487619400024,
        -19.158790588378906
      ],
      "chosen_source": "remembr",
      "chosen_final_score": 0.6293796488450929,
      "n_planner_candidates": 1,
      "n_memory_candidates": 0,
      "candidates": [
        {
          "id": 50001,
          "world_xy": [
            0.34519487619400024,
            -19.158790588378906
          ],
          "distance_m": 1.5,
          "bearing_rad": 0.0,
          "cluster_size": 0,
          "raw_score": 0.1,
          "source": "remembr"
        }
      ],
      "rerank_top": [
        {
          "response": "go to (0.3, -19.2) distance 1.5m bearing +0.00rad size 0",
          "final_score": 0.6293796488450929,
          "scores": {
            "memory": 0.8729321628169765,
            "coherence": 0.525
          }
        }
      ],
      "retrieval_counts": {
        "fine": 0,
        "mid": 0,
        "coarse": 3
      }
    },
    {
      "step_idx": 7,
      "raw_top1_id": 50002,
      "raw_top1_world_xy": [
        0.32826322317123413,
        -19.11773109436035
      ],
      "raw_top1_score": 0.1,
      "chosen_id": 50002,
      "chosen_world_xy": [
        0.32826322317123413,
        -19.11773109436035
      ],
      "chosen_source": "remembr",
      "chosen_final_score": 0.6294926652226787,
      "n_planner_candidates": 1,
      "n_memory_candidates": 0,
      "candidates": [
        {
          "id": 50002,
          "world_xy": [
            0.32826322317123413,
            -19.11773109436035
          ],
          "distance_m": 1.5,
          "bearing_rad": 0.0,
          "cluster_size": 0,
          "raw_score": 0.1,
          "source": "remembr"
        }
      ],
      "rerank_top": [
        {
          "response": "go to (0.3, -19.1) distance 1.5m bearing +0.00rad size 0",
          "final_score": 0.6294926652226787,
          "scores": {
            "memory": 0.8733088840755955,
            "coherence": 0.525
          }
        }
      ],
      "retrieval_counts": {
        "fine": 0,
        "mid": 0,
        "coarse": 3
      }
    },
    {
      "step_idx": 8,
      "raw_top1_id": 90003,
      "raw_top1_world_xy": [
        -0.2435816526412964,
        -17.73101043701172
      ],
      "raw_top1_score": 0.7685885429382324,
      "chosen_id": 90003,
      "chosen_world_xy": [
        -0.2435816526412964,
        -17.73101043701172
      ],
      "chosen_source": "stop",
      "chosen_final_score": 0.740526123797241,
      "n_planner_candidates": 1,
      "n_memory_candidates": 0,
      "candidates": [
        {
          "id": 90003,
          "world_xy": [
            -0.2435816526412964,
            -17.73101043701172
          ],
          "distance_m": 0.0,
          "bearing_rad": 0.0,
          "cluster_size": 0,
          "raw_score": 0.7685885429382324,
          "source": "stop"
        }
      ],
      "rerank_top": [
        {
          "response": "go to (-0.2, -17.7) distance 0.0m bearing +0.00rad size 0",
          "final_score": 0.740526123797241,
          "scores": {
            "memory": 0.8717337792295323,
            "coherence": 0.6842942714691163
          }
        }
      ],
      "retrieval_counts": {
        "fine": 0,
        "mid": 0,
        "coarse": 3
      }
    }
  ],
  "finished_at": 1779454877.4595797,
  "n_steps": 9,
  "success": false,
  "spl": 0.0,
  "soft_spl": 0.003961108539044522,
  "distance_to_goal": 8.379293441772461,
  "rerank_calls": 3,
  "rerank_disagreements": 0,
  "retrieval_hits": 3,
  "n_memory_candidates": 0,
  "n_memory_chosen": 0,
  "n_stop_signals": 1,
  "bridge_stats_after": {
    "ltm_counts": {
      "fine": 2,
      "mid": 0,
      "coarse": 10
    },
    "n_clusters": 0,
    "episodes_seen": 1,
    "successful_episodes_seen": 0,
    "n_keyframes_observed": 2,
    "modules_invoked": {
      "stm": true,
      "consolidation": true,
      "ltm_fine": true,
      "ltm_mid": false,
      "ltm_coarse": true,
      "rerank": true
    },
    "ablation": {
      "disable_stm": false,
      "disable_ltm": false,
      "disable_rerank": false
    },
    "affordance_table_size": 0,
    "affordance_categories": []
  }
}